"Table 330.20. Average undergraduate tuition, fees, room, and board charges for full-time students in degree-granting postsecondary institutions, 
              by control and level of institution and state: Academic years 2021-22 and 2022-23",,,,,,,,,,,,,,,,,,
[In current dollars],,,,,,,,,,,,,,,,,,
State,Public 4-year,,,,,,,Private 4-year,,,,,,"Public 2-year, tuition and required fees",,,,
,"In-state, 
2021-22",,"In-state, 2022-23",,,,"Out-of-
state tuition and required fees, 2022-23",2021-22,,2022-23,,,,,,,,
,Total,Tuition and required fees\1\,Total,Tuition and required fees\1\,Room,Board,,Total,Tuition and required fees,Total,Tuition and required fees,Room,Board,"In-
state, 2021-
22\1\","In-
state, 2022-
23\1\","Out-of-
state, 2022-23",,
1,2,3,4,5,6,7,8,9,10,11,12,13,14,15,16,17,,
   United States ,"$21,832","$9,596","$22,389","$9,750","$7,167","$5,472","$28,297","$47,930","$34,051","$49,654","$35,248","$8,124","$6,282","$3,563","$3,598","$8,565",,
Alabama ,"21,427","10,737","22,204","11,081","6,256","4,868","28,315","27,823","17,167","28,575","17,687","5,566","5,323","4,920","5,039","9,432",,
Alaska ,"22,051","8,851","21,484","8,291","6,438","6,755","24,410","28,427","19,883","28,767","20,148","3,476","5,142",†,†,†,,
Arizona ,"24,865","11,452","25,834","11,768","8,405","5,662","28,506","23,207","13,269","23,661","13,485","5,803","4,373","2,182","2,160","7,444",,
Arkansas ,"18,782","8,622","19,470","8,879","6,174","4,417","23,091","33,031","24,128","33,930","24,798","4,698","4,434","3,493","3,657","5,151",,
California ,"24,320","8,559","24,925","8,637","9,211","7,077","32,967","54,797","39,093","58,515","42,017","9,248","7,250","1,281","1,286","9,338",,
Colorado ,"23,055","9,573","23,843","9,798","7,170","6,875","32,476","40,766","26,784","42,065","27,474","8,479","6,112","3,329","3,426","7,527",,
Connecticut,"28,782","14,963","30,046","15,763","7,904","6,379","37,907","60,385","44,377","61,279","44,931","9,432","6,916","4,538","4,758","14,176",,
Delaware ,"25,472","11,707","26,424","11,922","8,689","5,812","33,812","24,358","11,905","22,978","12,154","8,000","2,824",†,†,†,,
District of Columbia ,"6,152","6,152","6,152","6,152",†,†,"13,004","62,691","45,528","65,211","47,066","11,334","6,811",†,†,†,,
Florida ,"15,793","4,613","16,088","4,540","6,658","4,890","17,831","43,258","29,736","45,156","30,928","7,826","6,403","2,506",†,†,,
Georgia ,"19,045","7,632","18,674","7,075","7,230","4,369","24,331","44,834","31,335","46,295","32,114","8,088","6,093","3,174","3,134","8,259",,
Hawaii ,"22,231","10,356","22,614","10,484","5,903","6,228","32,769","33,906","20,252","36,127","21,851","6,631","7,644","3,225","3,227","8,400",,
Idaho ,"17,255","7,478","17,957","7,640","5,193","5,124","25,404","15,948","6,716","17,747","6,970","3,148","7,629","3,327","3,361","8,243",,
Illinois ,"26,966","14,993","27,214","14,921","6,596","5,697","30,027","50,612","36,629","52,234","37,646","8,470","6,118","4,204","4,249","11,693",,
Indiana ,"21,066","9,780","21,016","9,886","5,945","5,184","30,448","49,841","36,763","51,403","37,987","7,017","6,399","4,637","4,637","8,927",,
Iowa ,"20,059","9,670","20,547","10,121","5,062","5,364","29,072","47,144","36,660","48,322","37,623","5,320","5,379","5,455","5,583","6,897",,
Kansas ,"19,386","9,216","19,522","9,274","5,575","4,673","23,713","37,290","27,133","42,222","31,116","5,073","6,032","3,551","3,645","4,826",,
Kentucky ,"22,554","11,107","23,220","11,299","7,365","4,556","26,640","36,929","27,464","37,701","28,001","4,837","4,863","4,516","4,588","15,502",,
Louisiana ,"20,602","9,749","21,262","9,843","6,793","4,626","23,573","57,305","42,888","59,366","44,485","8,233","6,648","4,242","4,367","5,085",,
Maine ,"21,077","10,612","22,012","10,813","5,765","5,434","30,244","54,612","40,163","53,829","38,972","7,517","7,340","3,866","3,779","6,658",,
Maryland ,"22,995","9,851","23,968","10,041","7,981","5,947","26,721","62,302","47,092","64,283","48,240","9,193","6,850","4,367","4,408","9,878",,
Massachusetts ,"28,548","14,023","29,259","14,345","8,840","6,074","34,245","67,932","50,817","71,563","53,789","10,360","7,414","5,562","5,564","10,635",,
Michigan ,"25,431","14,112","26,352","14,718","5,774","5,860","41,324","43,291","32,293","44,800","33,385","5,837","5,578","3,871","3,963","7,493",,
Minnesota ,"22,972","12,345","24,114","12,873","6,466","4,775","26,719","46,271","34,771","47,839","35,914","6,413","5,511","5,795","6,049","6,790",,
Mississippi ,"19,741","8,930","21,000","9,120","6,279","5,601","21,531","28,902","19,756","29,234","20,042","5,226","3,966","3,590","3,688","6,233",,
Missouri ,"20,520","9,944","20,629","9,926","6,513","4,190","23,932","40,484","28,965","42,566","30,660","7,053","4,852","3,909","4,077","7,613",,
Montana ,"17,275","7,097","18,160","7,299","5,026","5,835","28,682","42,882","32,954","41,989","31,464","5,030","5,495","3,937","3,950","9,726",,
Nebraska ,"19,837","8,763","20,182","8,862","6,293","5,027","21,539","37,228","26,320","37,126","26,002","5,689","5,435","3,317","3,408","4,308",,
Nevada ,"18,261","6,564","19,035","6,723","6,605","5,707","24,443","38,097","23,910","24,246","24,246",†,†,†,†,†,,
New Hampshire ,"29,373","16,846","30,038","17,019","8,002","5,017","33,850","33,170","19,786","32,945","19,557","8,358","5,030","7,109","7,108","15,348",,
New Jersey ,"28,611","14,861","29,392","15,265","8,885","5,242","30,271","53,691","39,094","55,304","40,366","8,781","6,157","4,910","4,981","8,558",,
New Mexico ,"17,513","7,311","17,994","7,526","5,346","5,122","21,842","37,201","25,712","39,557","27,340","6,290","5,927","1,805","1,923","6,612",,
New York ,"25,062","8,541","25,398","8,575","10,618","6,204","20,637","60,661","44,155","63,505","46,280","10,435","6,790","5,660","5,755","9,145",,
North Carolina ,"18,240","7,337","18,860","7,327","6,595","4,937","23,155","51,846","38,346","54,084","40,176","7,276","6,633","2,524","2,527","8,522",,
North Dakota ,"18,336","9,364","18,989","9,728","4,186","5,075","14,687","24,879","16,979","25,040","16,990","3,561","4,488","5,441","5,610","6,642",,
Ohio ,"23,526","10,456","24,423","10,922","7,369","6,131","27,441","48,594","36,136","50,457","37,610","6,807","6,040","4,498","4,630","8,297",,
Oklahoma ,"17,891","8,291","19,438","8,519","6,194","4,724","22,928","40,123","30,175","41,310","31,140","4,958","5,212","4,292","4,413","9,919",,
Oregon ,"25,367","11,871","26,810","12,424","8,605","5,782","35,960","60,020","45,572","61,973","47,224","8,219","6,530","5,204","5,376","9,154",,
Pennsylvania ,"27,314","14,920","28,733","16,217","7,509","5,007","31,844","60,194","45,407","62,437","47,222","8,489","6,726","5,549","5,717","13,177",,
Rhode Island ,"27,872","14,172","29,164","14,744","8,262","6,158","33,879","64,011","47,525","66,529","49,792","9,917","6,820","4,980","5,090","13,552",,
South Carolina ,"23,586","12,605","24,222","12,604","7,028","4,591","33,346","38,511","27,884","39,722","28,730","5,528","5,464","4,991","4,987","10,498",,
South Dakota ,"17,457","9,153","17,360","9,079","4,154","4,126","12,987","36,140","27,493","37,769","28,687","4,322","4,760","7,367","7,412","7,257",,
Tennessee ,"21,035","10,397","21,279","10,437","5,499","5,343","24,920","42,747","30,723","44,297","31,885","7,032","5,381","4,459","4,440","17,258",,
Texas ,"18,788","8,187","19,073","8,195","5,994","4,884","24,743","51,279","38,865","52,835","40,142","7,082","5,611","2,859","2,931","7,863",,
Utah ,"15,278","7,115","16,030","7,215","4,217","4,598","23,108","15,982","7,614","16,970","8,123","4,465","4,382","4,086","4,257","13,701",,
Vermont ,"30,901","17,683","30,887","17,600","8,485","4,802","41,900","64,254","48,968","65,793","50,094","8,690","7,009","6,920","6,920","13,640",,
Virginia ,"26,483","14,273","27,697","14,825","7,050","5,822","37,730","35,679","23,839","36,434","24,043","6,514","5,878","5,196","5,220","11,511",,
Washington ,"21,684","7,842","22,974","8,006","7,738","7,230","30,444","53,833","40,839","56,492","42,339","7,165","6,989","4,727","4,623","8,295",,
West Virginia ,"20,002","8,463","20,269","8,715","6,058","5,496","23,521","22,223","12,115","22,576","12,133","4,978","5,466","4,544","4,600","10,776",,
Wisconsin ,"18,275","8,905","18,438","8,974","5,746","3,718","29,256","48,640","36,685","50,009","37,686","6,943","5,379","4,586","4,656","6,686",,
Wyoming ,"14,630","4,929","15,244","5,100","4,679","5,465","15,215",†,†,†,†,†,†,"4,071","4,192","9,990",,
†Not applicable.  ,,,,,,,,,,,,,,,,,,
"\1\For public institutions, in-district tuition and required fees are used.",,,,,,,,,,,,,,,,,,
"NOTE: Data are for the entire academic year as defined by the institution and are average charges for full-time students. In-state tuition and fees were weighted by the number of full-time-equivalent undergraduates, but were not adjusted to reflect the number of students who were state residents. Out-of-state tuition and fees were weighted by the number of first-time freshmen attending the institution in fall 2022 from out of state. Institutional room and board rates are weighted by the number of full-time undergraduate students. Room and board includes cost for living on-campus only. Not all institutions offer on-campus accommodations. Degree-granting institutions grant associate’s or higher degrees and participate in Title IV federal financial aid programs. Current dollars have not been adjusted to compensate for inflation. Data on undergraduate tuition and required fees are not available for the outlying areas. Detail may not sum to totals because of rounding.",,,,,,,,,,,,,,,,,,
"SOURCE: U.S. Department of Education, National Center for Education Statistics, Integrated Postsecondary Education Data System (IPEDS), Institutional Characteristics component, Fall 2021 (final data) and Fall 2022 (provisional data); and Fall Enrollment component, Spring 2022 (final data) and Spring 2023 (provisional data). (This table was prepared January 2024.)",,,,,,,,,,,,,,,,,,
,,,,,,,,,,,,,,,,,,
,,,,,,,,,,,,,,,,,,
,,,,,,,,,,,,,,,,,,
,,,,,,,,,,,,,,,,,,
,,,,,,,,,,,,,,,,,,
